,232,239,252,292,333,243,362,261,225,314,297,375,295,340
本文,"【問題訴求】
━━━━━━━━━━━━

最近、LINEに
「〇〇〇〇〇〇」
と相談いただくことが多いです

[name]さんはいかがですか？

問題のせいで
毎日の〇〇に

支障がでている
と気づいている反面、

〇〇言い訳をして
「仕方ないなぁ...」
と諦めていませんか？

今日は
そんな方に向けて

〇〇原因と対処法
についてお話しします。

〇〇の改善には
『 ◯◯◯◯ 』
が必要なんです！

さっそく今日から
実践してみてくださいね！
↓↓↓↓↓
","〇〇で〇〇改善？！
辛い〇〇を全て解消✨
━━━━━━━━━━━━

昨日のコラムで
「〇〇の対処法」
についてお話ししたところ

「今日から実践してみます！」
と感想をいただきました☺

一方で、

〇〇という問題だけでなく
〇〇も辛いんですよね😭

とのお声もいただきました。

そこで今日は

〇〇の原因と対処法について
お伝えしようと思います！

実は・・・

 ”〇〇” が
〇〇改善に
効果があるんです✨

〇〇でお悩みの方は
ぜひチェックしてくださいね！
↓↓↓","今日の配信は特別です！
━━━━━━━━━━━ 
私は〇〇歳の時に
〇〇を経験しました。

しかし、何年経っても
〇〇ができない状態で、

『自分だけダメダメだ...』
という感覚を〇年近く感じ

精神的にとっても
苦しかった時期があります😭

その時期にたまたま
出会った〇〇で、

📌ベネフィット
📌ベネフィット
📌ベネフィット

を私に与えてくれて

人生を180度変えることができました！

／
『なかなか〇〇ができない』と
感じる方には是非見て欲しいです！
＼

▼動画はこちらから▼
","【抽選に当たりました！】

こんばんは、〇〇です！

このたび僕の公式LINEを追加された方で、”〇〇の見込み”があると思った方にのみ、7日間の〇〇プロジェクトを開催します🎉

もし今のあなたが

✅ベネフィット
✅ベネフィット
✅ベネフィット

これらに1つにでも
当てはまったのなら
自分を変えるチャンスです✨

=======================
【配信日】
明日の21時〜  (第1記事目)
こちらのLINEで配信します！
=======================

※このメッセージが届いた方は
僕が確認を取りたいので
”下のボタン”を押して下さい👍
","〇〇したら〇〇になるは
""大きなウソ""です⚠️
-------------------------------

こんばんは！〇〇です。

さっそくですが〇〇さんは
〇〇するために
〇〇ばかりしてませんか？

もしそうであれば
すでに〇〇に
なっている可能性大です😱

でも安心して下さい！！！

実は〇〇な人には
”たった1つの共通点”
が存在していたのです。

〇〇さんがこの共通点を知ることで

✅〇〇をせず
✅〇〇をせず

1ヶ月後には
ベネフィットを手にすることができます✨

今回のマガジンでは
〇〇の常識を180°変えてしまう
内容を書きました。

〇〇な人だけが知る
たった1つの共通点を
あなたの目で確かめて下さい！

▼今すぐタップして見る▼
","〇〇したことがある方は
ドッキリするかもです...
-------------------------------

こんばんは！〇〇です。

今回の配信は

✅〇〇してしまったことがある

✅〇〇、または〇〇したことがある

そんな方にはちょっと
ショックな話かもしれません😭

今まであなたが
その行動をとっていると

最悪の場合
【避けたい未来】
となるかもしれません。

そこで、今回は
〇〇な方でも〇〇になれる
証拠と根拠を大暴露していきます。

▼今すぐタップして見る▼
","〇〇な方でもたった〇ヶ月で
【理想の未来】になれた理由🎉
-------------------------------

こんばんは！〇〇です。

もし〇〇さんが
たった〇ヶ月で
〇〇できるとしたら
どんなことをしたいですか？

✅見込み客の欲望&理想の未来

✅見込み客の欲望&理想の未来

✅見込み客の欲望&理想の未来

想像するとたくさん夢が
あふれてきますよね✨

断言させて下さい。

〇〇さんのその夢は
全て叶えることができますよ✨

いくら三日坊主で
〇〇が嫌いor苦手でも

1日〇分あることをするだけで
どんな人でも簡単に
〇〇することができるのです！

今回のマガジンでは
そんな嘘のような本当の話を
お話ししています😊

ぜひ未来のあなたを
一足先に体感して下さい！

▼今すぐタップしてみる▼
","〇〇を取り入れるだけで
売上が前年比の〇倍に！
━━━━━━━━━━━━━

こんばんは、〇〇です！

／

〇〇したいなら、〇〇を取り入れた方がいい！

＼

とよく言われていますが

ーーーーーーーーーーーー
🗣「いや、そうは言っても
　　〇〇が良いのでは？」

🗣「私にはまだ早いかな…」
ーーーーーーーーーーーー

って思われてる方も
多いのかなと思っています。

今日は僕が、
なぜ〇〇に〇〇を
取り入れるべきなのか、

具体的な数字や
僕の実績&実例も交えて
お話ししていきますね😊

▼続きはこちら▼
","〇〇が破滅していくパターン

〇〇が破滅していくのには
とあるパターンがあります。

僕もこれまで、

これまでの努力が水の泡
みんなからバカにされる

お金も信用も失う
女性も離れていく…

みたいな現場を
多数目撃してきました。

━━━━━━━━━━
これを読んでいるあなたには
絶対にそうならないで欲しい。
━━━━━━━━━━

〇〇をやって、最高の人生を送ってほしいと思っています。

ぜひこの動画をご視聴ください！

▼〇〇の戦略編▼
","もしかして「自己流」で
〇〇をしていませんか？ 
￣￣￣￣￣￣￣￣￣￣￣
こんにちは！〇〇です！

[name]さんは〇〇を身につけるためにどんな努力をしていますか？

「とにかく〇〇をやりまくってる」

「他人の見よう見まねで行動をパクっている」

など自己流で勉強しているという人が多い印象なのですが

これ、すごくモッタイないです🥺

特に、〇〇の自己流は
今すぐに辞めてください🚨

せっかくやる気を持って〇〇の努力をしている[name]さんに遠回りしてほしくないので

今日は、〇〇を最短で身につける勉強法ついて動画を撮りました！

勉強しても全く成果を感じないと思っている人は、必ず動画を見てください😊
▶︎
","〇〇は最強のソリューションである。

「自分でも達成できるんだろうか？」
「周りの誘惑に負けないだろうか？」
「これまで全部失敗してきたし...」

そんな方でもご安心ください！

僕は、これまで〇〇人以上のサポートを務めてきました。

ですので、
「知識」と「経験」には
とにかく自信があります。

これまで〇〇だった人生は、今日限りで終わりです。

【今回の商品】で、あなたの人生を上向きにさせましょう！

✅理想の未来（できるようになる）

✅理想の未来（できるようになる）

✅理想の未来（できるようになる）

そのためには、
〇〇だけをやってください！

動画で詳しく解説しています⇩","〇〇できない人に共通する
たった一つの原因とは？

私が今まで〇〇という結果を出すことができたのは

-------------------------
✅〇〇を突破する
　具体的な方法

✅勝ち組だけが知っている
　〇〇という思考法
-------------------------

を知っていたからです。

人間の思考パターンを知れば、
〇〇がなくても始められます。

さらに、〇〇に頼らずとも〇〇できるし、さらには〇〇も簡単になります。

環境や他人のせいにして開き直ることもなく、本当に良いプラスのスパイラルがおきます。

[name]さんがもし、今まで〇〇を我慢していたり、自分を犠牲にしている感覚を持っているなら、

━━━━━━━━━━━
考え方を少しだけ変える
━━━━━━━━━━━

ことが必要です。

続きはこちらから↓↓↓","一生勝ち続ける人と
負け続ける人の違いとは？

これには明確な理由があったんです。

今回の動画は、周りや他人とか環境に対して、怒ったり、妬んでしまったり、

・どうして自分だけ〇〇なのか
・頑張っているのに結果が出ない
・どんどん【最悪な状況】になっていく

と思ったより全然結果が出ていない人に最も届けたい内容になっています。

✅いつも〇〇な人
✅ずっと〇〇な人

この人達は決して他の人と比べて能力が高いわけでも、親に恵まれているわけでもなく、

たった一つの”あること”を
しているだけだったんです。

〇〇さんが、勝ち組に入りたいと望むのであれば続きをご覧ください。

↓↓↓
","【超重要】〇〇ができるようになるための裏戦略

こんばんは、〇〇です😊

『〇〇がいいのはわかったけど、これから具体的に何をするの？』

という声があったので今日は実例をもとにお話をしていきます。

【突然ですが、〇〇さんはこんな経験ありませんか？】

────────────
〇〇をやっても
全然うまくいかなかった

ずっと〇〇な状況で
辛い思いをしている
────────────

しかも…

「まあ、〇〇だから
　しょうがないかな」

とか思ったりしてないですか？

実はそれ、全くの勘違いだったんです😫
↓↓↓↓
━━━━━━━━━━━━
知らないと損する⁉
〇〇ができるようになる裏戦略
▶
━━━━━━━━━━━━
サクッと読めるのでぜひ
ご覧くださいね！

"
